{"cameraMode":{"drawMode":0,"name":"Shaded","section":"Shading Mode"},"sceneLighting":true,"audioPlay":false,"sceneViewState":{"m_AlwaysRefresh":false,"showFog":true,"showSkybox":true,"showFlares":true,"showImageEffects":true,"showParticleSystems":true,"showVisualEffectGraphs":true,"m_FxEnabled":true},"in2DMode":false,"pivot":{"x":1.0688343048095704,"y":1.6953434944152833,"z":7.101967811584473},"rotation":{"x":-0.060308221727609637,"y":0.21596013009548188,"z":-0.013364316895604134,"w":-0.9744511842727661},"size":7.448986530303955,"orthographic":false}